{
  "eslint.config.mjs": 1776599518.6356237,
  "next-env.d.ts": 1776599518.7918367,
  "next.config.ts": 1776599518.8105323,
  "postcss.config.mjs": 1776599518.6777163,
  "app\\layout.tsx": 1776599518.8611927,
  "app\\page.tsx": 1776599518.8717098,
  "AGENTS.md": 1776599607.269963,
  "CLAUDE.md": 1776600666.4576025,
  "README.md": 1776599518.6010468,
  "public\\file.svg": 1776599518.6892335,
  "public\\globe.svg": 1776599518.7078476,
  "public\\next.svg": 1776599518.7297676,
  "public\\vercel.svg": 1776599518.7487786,
  "public\\window.svg": 1776599518.7662992
}